Jurisdictions,Year,url
Alabama,2010,https://web.archive.org/web/20100918220745/http:/www.priceofweed.com/prices/United States/Alabama.html
Alaska,2010,https://web.archive.org/web/20100918220745/http:/www.priceofweed.com/prices/United States/Alaska.html
Arizona,2010,https://web.archive.org/web/20100918220745/http:/www.priceofweed.com/prices/United States/Arizona.html
Arkansas,2010,https://web.archive.org/web/20100918220745/http:/www.priceofweed.com/prices/United States/Arkansas.html
California,2010,https://web.archive.org/web/20100918220745/http:/www.priceofweed.com/prices/United States/California.html
Colorado,2010,https://web.archive.org/web/20100918220745/http:/www.priceofweed.com/prices/United States/Colorado.html
Connecticut,2010,https://web.archive.org/web/20100918220745/http:/www.priceofweed.com/prices/United States/Connecticut.html
Delaware,2010,https://web.archive.org/web/20100918220745/http:/www.priceofweed.com/prices/United States/Delaware.html
District of Columbia,2010,https://web.archive.org/web/20100918220745/http:/www.priceofweed.com/prices/United States/District of Columbia.html
Florida,2010,https://web.archive.org/web/20100918220745/http:/www.priceofweed.com/prices/United States/Florida.html
Georgia,2010,https://web.archive.org/web/20100918220745/http:/www.priceofweed.com/prices/United States/Georgia.html
Hawaii,2010,https://web.archive.org/web/20100918220745/http:/www.priceofweed.com/prices/United States/Hawaii.html
Idaho,2010,https://web.archive.org/web/20100918220745/http:/www.priceofweed.com/prices/United States/Idaho.html
Illinois,2010,https://web.archive.org/web/20100918220745/http:/www.priceofweed.com/prices/United States/Illinois.html
Indiana,2010,https://web.archive.org/web/20100918220745/http:/www.priceofweed.com/prices/United States/Indiana.html
Iowa,2010,https://web.archive.org/web/20100918220745/http:/www.priceofweed.com/prices/United States/Iowa.html
Kansas,2010,https://web.archive.org/web/20100918220745/http:/www.priceofweed.com/prices/United States/Kansas.html
Kentucky,2010,https://web.archive.org/web/20100918220745/http:/www.priceofweed.com/prices/United States/Kentucky.html
Louisiana,2010,https://web.archive.org/web/20100918220745/http:/www.priceofweed.com/prices/United States/Louisiana.html
Maine,2010,https://web.archive.org/web/20100918220745/http:/www.priceofweed.com/prices/United States/Maine.html
Maryland,2010,https://web.archive.org/web/20100918220745/http:/www.priceofweed.com/prices/United States/Maryland.html
Massachusetts,2010,https://web.archive.org/web/20100918220745/http:/www.priceofweed.com/prices/United States/Massachusetts.html
Michigan,2010,https://web.archive.org/web/20100918220745/http:/www.priceofweed.com/prices/United States/Michigan.html
Minnesota,2010,https://web.archive.org/web/20100918220745/http:/www.priceofweed.com/prices/United States/Minnesota.html
Mississippi,2010,https://web.archive.org/web/20100918220745/http:/www.priceofweed.com/prices/United States/Mississippi.html
Missouri,2010,https://web.archive.org/web/20100918220745/http:/www.priceofweed.com/prices/United States/Missouri.html
Montana,2010,https://web.archive.org/web/20100918220745/http:/www.priceofweed.com/prices/United States/Montana.html
Nebraska,2010,https://web.archive.org/web/20100918220745/http:/www.priceofweed.com/prices/United States/Nebraska.html
Nevada,2010,https://web.archive.org/web/20100918220745/http:/www.priceofweed.com/prices/United States/Nevada.html
New Hampshire,2010,https://web.archive.org/web/20100918220745/http:/www.priceofweed.com/prices/United States/New Hampshire.html
New Jersey,2010,https://web.archive.org/web/20100918220745/http:/www.priceofweed.com/prices/United States/New Jersey.html
New Mexico,2010,https://web.archive.org/web/20100918220745/http:/www.priceofweed.com/prices/United States/New Mexico.html
New York,2010,https://web.archive.org/web/20100918220745/http:/www.priceofweed.com/prices/United States/New York.html
North Carolina,2010,https://web.archive.org/web/20100918220745/http:/www.priceofweed.com/prices/United States/North Carolina.html
North Dakota,2010,https://web.archive.org/web/20100918220745/http:/www.priceofweed.com/prices/United States/North Dakota.html
Ohio,2010,https://web.archive.org/web/20100918220745/http:/www.priceofweed.com/prices/United States/Ohio.html
Oklahoma,2010,https://web.archive.org/web/20100918220745/http:/www.priceofweed.com/prices/United States/Oklahoma.html
Oregon,2010,https://web.archive.org/web/20100918220745/http:/www.priceofweed.com/prices/United States/Oregon.html
Pennsylvania,2010,https://web.archive.org/web/20100918220745/http:/www.priceofweed.com/prices/United States/Pennsylvania.html
Puerto Rico,2010,https://web.archive.org/web/20100918220745/http:/www.priceofweed.com/prices/United States/Puerto Rico.html
Rhode Island,2010,https://web.archive.org/web/20100918220745/http:/www.priceofweed.com/prices/United States/Rhode Island.html
South Carolina,2010,https://web.archive.org/web/20100918220745/http:/www.priceofweed.com/prices/United States/South Carolina.html
South Dakota,2010,https://web.archive.org/web/20100918220745/http:/www.priceofweed.com/prices/United States/South Dakota.html
Tennessee,2010,https://web.archive.org/web/20100918220745/http:/www.priceofweed.com/prices/United States/Tennessee.html
Texas,2010,https://web.archive.org/web/20100918220745/http:/www.priceofweed.com/prices/United States/Texas.html
Utah,2010,https://web.archive.org/web/20100918220745/http:/www.priceofweed.com/prices/United States/Utah.html
Vermont,2010,https://web.archive.org/web/20100918220745/http:/www.priceofweed.com/prices/United States/Vermont.html
Virginia,2010,https://web.archive.org/web/20100918220745/http:/www.priceofweed.com/prices/United States/Virginia.html
Washington,2010,https://web.archive.org/web/20100918220745/http:/www.priceofweed.com/prices/United States/Washington.html
West Virginia,2010,https://web.archive.org/web/20100918220745/http:/www.priceofweed.com/prices/United States/West Virginia.html
Wisconsin,2010,https://web.archive.org/web/20100918220745/http:/www.priceofweed.com/prices/United States/Wisconsin.html
Wyoming,2010,https://web.archive.org/web/20100918220745/http:/www.priceofweed.com/prices/United States/Wyoming.html
Alabama,2011,https://web.archive.org/web/20111219092407/http:/www.priceofweed.com/prices/United States/Alabama.html
Alaska,2011,https://web.archive.org/web/20111219092407/http:/www.priceofweed.com/prices/United States/Alaska.html
Arizona,2011,https://web.archive.org/web/20111219092407/http:/www.priceofweed.com/prices/United States/Arizona.html
Arkansas,2011,https://web.archive.org/web/20111219092407/http:/www.priceofweed.com/prices/United States/Arkansas.html
California,2011,https://web.archive.org/web/20111219092407/http:/www.priceofweed.com/prices/United States/California.html
Colorado,2011,https://web.archive.org/web/20111219092407/http:/www.priceofweed.com/prices/United States/Colorado.html
Connecticut,2011,https://web.archive.org/web/20111219092407/http:/www.priceofweed.com/prices/United States/Connecticut.html
Delaware,2011,https://web.archive.org/web/20111219092407/http:/www.priceofweed.com/prices/United States/Delaware.html
District of Columbia,2011,https://web.archive.org/web/20111219092407/http:/www.priceofweed.com/prices/United States/District of Columbia.html
Florida,2011,https://web.archive.org/web/20111219092407/http:/www.priceofweed.com/prices/United States/Florida.html
Georgia,2011,https://web.archive.org/web/20111219092407/http:/www.priceofweed.com/prices/United States/Georgia.html
Hawaii,2011,https://web.archive.org/web/20111219092407/http:/www.priceofweed.com/prices/United States/Hawaii.html
Idaho,2011,https://web.archive.org/web/20111219092407/http:/www.priceofweed.com/prices/United States/Idaho.html
Illinois,2011,https://web.archive.org/web/20111219092407/http:/www.priceofweed.com/prices/United States/Illinois.html
Indiana,2011,https://web.archive.org/web/20111219092407/http:/www.priceofweed.com/prices/United States/Indiana.html
Iowa,2011,https://web.archive.org/web/20111219092407/http:/www.priceofweed.com/prices/United States/Iowa.html
Kansas,2011,https://web.archive.org/web/20111219092407/http:/www.priceofweed.com/prices/United States/Kansas.html
Kentucky,2011,https://web.archive.org/web/20111219092407/http:/www.priceofweed.com/prices/United States/Kentucky.html
Louisiana,2011,https://web.archive.org/web/20111219092407/http:/www.priceofweed.com/prices/United States/Louisiana.html
Maine,2011,https://web.archive.org/web/20111219092407/http:/www.priceofweed.com/prices/United States/Maine.html
Maryland,2011,https://web.archive.org/web/20111219092407/http:/www.priceofweed.com/prices/United States/Maryland.html
Massachusetts,2011,https://web.archive.org/web/20111219092407/http:/www.priceofweed.com/prices/United States/Massachusetts.html
Michigan,2011,https://web.archive.org/web/20111219092407/http:/www.priceofweed.com/prices/United States/Michigan.html
Minnesota,2011,https://web.archive.org/web/20111219092407/http:/www.priceofweed.com/prices/United States/Minnesota.html
Mississippi,2011,https://web.archive.org/web/20111219092407/http:/www.priceofweed.com/prices/United States/Mississippi.html
Missouri,2011,https://web.archive.org/web/20111219092407/http:/www.priceofweed.com/prices/United States/Missouri.html
Montana,2011,https://web.archive.org/web/20111219092407/http:/www.priceofweed.com/prices/United States/Montana.html
Nebraska,2011,https://web.archive.org/web/20111219092407/http:/www.priceofweed.com/prices/United States/Nebraska.html
Nevada,2011,https://web.archive.org/web/20111219092407/http:/www.priceofweed.com/prices/United States/Nevada.html
New Hampshire,2011,https://web.archive.org/web/20111219092407/http:/www.priceofweed.com/prices/United States/New Hampshire.html
New Jersey,2011,https://web.archive.org/web/20111219092407/http:/www.priceofweed.com/prices/United States/New Jersey.html
New Mexico,2011,https://web.archive.org/web/20111219092407/http:/www.priceofweed.com/prices/United States/New Mexico.html
New York,2011,https://web.archive.org/web/20111219092407/http:/www.priceofweed.com/prices/United States/New York.html
North Carolina,2011,https://web.archive.org/web/20111219092407/http:/www.priceofweed.com/prices/United States/North Carolina.html
North Dakota,2011,https://web.archive.org/web/20111219092407/http:/www.priceofweed.com/prices/United States/North Dakota.html
Ohio,2011,https://web.archive.org/web/20111219092407/http:/www.priceofweed.com/prices/United States/Ohio.html
Oklahoma,2011,https://web.archive.org/web/20111219092407/http:/www.priceofweed.com/prices/United States/Oklahoma.html
Oregon,2011,https://web.archive.org/web/20111219092407/http:/www.priceofweed.com/prices/United States/Oregon.html
Pennsylvania,2011,https://web.archive.org/web/20111219092407/http:/www.priceofweed.com/prices/United States/Pennsylvania.html
Puerto Rico,2011,https://web.archive.org/web/20111219092407/http:/www.priceofweed.com/prices/United States/Puerto Rico.html
Rhode Island,2011,https://web.archive.org/web/20111219092407/http:/www.priceofweed.com/prices/United States/Rhode Island.html
South Carolina,2011,https://web.archive.org/web/20111219092407/http:/www.priceofweed.com/prices/United States/South Carolina.html
South Dakota,2011,https://web.archive.org/web/20111219092407/http:/www.priceofweed.com/prices/United States/South Dakota.html
Tennessee,2011,https://web.archive.org/web/20111219092407/http:/www.priceofweed.com/prices/United States/Tennessee.html
Texas,2011,https://web.archive.org/web/20111219092407/http:/www.priceofweed.com/prices/United States/Texas.html
Utah,2011,https://web.archive.org/web/20111219092407/http:/www.priceofweed.com/prices/United States/Utah.html
Vermont,2011,https://web.archive.org/web/20111219092407/http:/www.priceofweed.com/prices/United States/Vermont.html
Virginia,2011,https://web.archive.org/web/20111219092407/http:/www.priceofweed.com/prices/United States/Virginia.html
Washington,2011,https://web.archive.org/web/20111219092407/http:/www.priceofweed.com/prices/United States/Washington.html
West Virginia,2011,https://web.archive.org/web/20111219092407/http:/www.priceofweed.com/prices/United States/West Virginia.html
Wisconsin,2011,https://web.archive.org/web/20111219092407/http:/www.priceofweed.com/prices/United States/Wisconsin.html
Wyoming,2011,https://web.archive.org/web/20111219092407/http:/www.priceofweed.com/prices/United States/Wyoming.html
Alabama,2012,https://web.archive.org/web/20121221080245/http:/www.priceofweed.com/prices/United-States/Alabama.html
Alaska,2012,https://web.archive.org/web/20121221080245/http:/www.priceofweed.com/prices/United-States/Alaska.html
Arizona,2012,https://web.archive.org/web/20121221080245/http:/www.priceofweed.com/prices/United-States/Arizona.html
Arkansas,2012,https://web.archive.org/web/20121221080245/http:/www.priceofweed.com/prices/United-States/Arkansas.html
California,2012,https://web.archive.org/web/20121221080245/http:/www.priceofweed.com/prices/United-States/California.html
Colorado,2012,https://web.archive.org/web/20121221080245/http:/www.priceofweed.com/prices/United-States/Colorado.html
Connecticut,2012,https://web.archive.org/web/20121221080245/http:/www.priceofweed.com/prices/United-States/Connecticut.html
Delaware,2012,https://web.archive.org/web/20121221080245/http:/www.priceofweed.com/prices/United-States/Delaware.html
District of Columbia,2012,https://web.archive.org/web/20121221080245/http:/www.priceofweed.com/prices/United-States/District-of-Columbia.html
Florida,2012,https://web.archive.org/web/20121221080245/http:/www.priceofweed.com/prices/United-States/Florida.html
Georgia,2012,https://web.archive.org/web/20121221080245/http:/www.priceofweed.com/prices/United-States/Georgia.html
Hawaii,2012,https://web.archive.org/web/20121221080245/http:/www.priceofweed.com/prices/United-States/Hawaii.html
Idaho,2012,https://web.archive.org/web/20121221080245/http:/www.priceofweed.com/prices/United-States/Idaho.html
Illinois,2012,https://web.archive.org/web/20121221080245/http:/www.priceofweed.com/prices/United-States/Illinois.html
Indiana,2012,https://web.archive.org/web/20121221080245/http:/www.priceofweed.com/prices/United-States/Indiana.html
Iowa,2012,https://web.archive.org/web/20121221080245/http:/www.priceofweed.com/prices/United-States/Iowa.html
Kansas,2012,https://web.archive.org/web/20121221080245/http:/www.priceofweed.com/prices/United-States/Kansas.html
Kentucky,2012,https://web.archive.org/web/20121221080245/http:/www.priceofweed.com/prices/United-States/Kentucky.html
Louisiana,2012,https://web.archive.org/web/20121221080245/http:/www.priceofweed.com/prices/United-States/Louisiana.html
Maine,2012,https://web.archive.org/web/20121221080245/http:/www.priceofweed.com/prices/United-States/Maine.html
Maryland,2012,https://web.archive.org/web/20121221080245/http:/www.priceofweed.com/prices/United-States/Maryland.html
Massachusetts,2012,https://web.archive.org/web/20121221080245/http:/www.priceofweed.com/prices/United-States/Massachusetts.html
Michigan,2012,https://web.archive.org/web/20121221080245/http:/www.priceofweed.com/prices/United-States/Michigan.html
Minnesota,2012,https://web.archive.org/web/20121221080245/http:/www.priceofweed.com/prices/United-States/Minnesota.html
Mississippi,2012,https://web.archive.org/web/20121221080245/http:/www.priceofweed.com/prices/United-States/Mississippi.html
Missouri,2012,https://web.archive.org/web/20121221080245/http:/www.priceofweed.com/prices/United-States/Missouri.html
Montana,2012,https://web.archive.org/web/20121221080245/http:/www.priceofweed.com/prices/United-States/Montana.html
Nebraska,2012,https://web.archive.org/web/20121221080245/http:/www.priceofweed.com/prices/United-States/Nebraska.html
Nevada,2012,https://web.archive.org/web/20121221080245/http:/www.priceofweed.com/prices/United-States/Nevada.html
New Hampshire,2012,https://web.archive.org/web/20121221080245/http:/www.priceofweed.com/prices/United-States/New-Hampshire.html
New Jersey,2012,https://web.archive.org/web/20121221080245/http:/www.priceofweed.com/prices/United-States/New-Jersey.html
New Mexico,2012,https://web.archive.org/web/20121221080245/http:/www.priceofweed.com/prices/United-States/New-Mexico.html
New York,2012,https://web.archive.org/web/20121221080245/http:/www.priceofweed.com/prices/United-States/New-York.html
North Carolina,2012,https://web.archive.org/web/20121221080245/http:/www.priceofweed.com/prices/United-States/North-Carolina.html
North Dakota,2012,https://web.archive.org/web/20121221080245/http:/www.priceofweed.com/prices/United-States/North-Dakota.html
Ohio,2012,https://web.archive.org/web/20121221080245/http:/www.priceofweed.com/prices/United-States/Ohio.html
Oklahoma,2012,https://web.archive.org/web/20121221080245/http:/www.priceofweed.com/prices/United-States/Oklahoma.html
Oregon,2012,https://web.archive.org/web/20121221080245/http:/www.priceofweed.com/prices/United-States/Oregon.html
Pennsylvania,2012,https://web.archive.org/web/20121221080245/http:/www.priceofweed.com/prices/United-States/Pennsylvania.html
Puerto Rico,2012,https://web.archive.org/web/20121221080245/http:/www.priceofweed.com/prices/United-States/Puerto-Rico.html
Rhode Island,2012,https://web.archive.org/web/20121221080245/http:/www.priceofweed.com/prices/United-States/Rhode-Island.html
South Carolina,2012,https://web.archive.org/web/20121221080245/http:/www.priceofweed.com/prices/United-States/South-Carolina.html
South Dakota,2012,https://web.archive.org/web/20121221080245/http:/www.priceofweed.com/prices/United-States/South-Dakota.html
Tennessee,2012,https://web.archive.org/web/20121221080245/http:/www.priceofweed.com/prices/United-States/Tennessee.html
Texas,2012,https://web.archive.org/web/20121221080245/http:/www.priceofweed.com/prices/United-States/Texas.html
Utah,2012,https://web.archive.org/web/20121221080245/http:/www.priceofweed.com/prices/United-States/Utah.html
Vermont,2012,https://web.archive.org/web/20121221080245/http:/www.priceofweed.com/prices/United-States/Vermont.html
Virginia,2012,https://web.archive.org/web/20121221080245/http:/www.priceofweed.com/prices/United-States/Virginia.html
Washington,2012,https://web.archive.org/web/20121221080245/http:/www.priceofweed.com/prices/United-States/Washington.html
West Virginia,2012,https://web.archive.org/web/20121221080245/http:/www.priceofweed.com/prices/United-States/West-Virginia.html
Wisconsin,2012,https://web.archive.org/web/20121221080245/http:/www.priceofweed.com/prices/United-States/Wisconsin.html
Wyoming,2012,https://web.archive.org/web/20121221080245/http:/www.priceofweed.com/prices/United-States/Wyoming.html
Alabama,2013,https://web.archive.org/web/20131127234728/http:/www.priceofweed.com/prices/United-States/Alabama.html
Alaska,2013,https://web.archive.org/web/20131127234728/http:/www.priceofweed.com/prices/United-States/Alaska.html
Arizona,2013,https://web.archive.org/web/20131127234728/http:/www.priceofweed.com/prices/United-States/Arizona.html
Arkansas,2013,https://web.archive.org/web/20131127234728/http:/www.priceofweed.com/prices/United-States/Arkansas.html
California,2013,https://web.archive.org/web/20131127234728/http:/www.priceofweed.com/prices/United-States/California.html
Colorado,2013,https://web.archive.org/web/20131127234728/http:/www.priceofweed.com/prices/United-States/Colorado.html
Connecticut,2013,https://web.archive.org/web/20131127234728/http:/www.priceofweed.com/prices/United-States/Connecticut.html
Delaware,2013,https://web.archive.org/web/20131127234728/http:/www.priceofweed.com/prices/United-States/Delaware.html
District of Columbia,2013,https://web.archive.org/web/20131127234728/http:/www.priceofweed.com/prices/United-States/District-of-Columbia.html
Florida,2013,https://web.archive.org/web/20131127234728/http:/www.priceofweed.com/prices/United-States/Florida.html
Georgia,2013,https://web.archive.org/web/20131127234728/http:/www.priceofweed.com/prices/United-States/Georgia.html
Hawaii,2013,https://web.archive.org/web/20131127234728/http:/www.priceofweed.com/prices/United-States/Hawaii.html
Idaho,2013,https://web.archive.org/web/20131127234728/http:/www.priceofweed.com/prices/United-States/Idaho.html
Illinois,2013,https://web.archive.org/web/20131127234728/http:/www.priceofweed.com/prices/United-States/Illinois.html
Indiana,2013,https://web.archive.org/web/20131127234728/http:/www.priceofweed.com/prices/United-States/Indiana.html
Iowa,2013,https://web.archive.org/web/20131127234728/http:/www.priceofweed.com/prices/United-States/Iowa.html
Kansas,2013,https://web.archive.org/web/20131127234728/http:/www.priceofweed.com/prices/United-States/Kansas.html
Kentucky,2013,https://web.archive.org/web/20131127234728/http:/www.priceofweed.com/prices/United-States/Kentucky.html
Louisiana,2013,https://web.archive.org/web/20131127234728/http:/www.priceofweed.com/prices/United-States/Louisiana.html
Maine,2013,https://web.archive.org/web/20131127234728/http:/www.priceofweed.com/prices/United-States/Maine.html
Maryland,2013,https://web.archive.org/web/20131127234728/http:/www.priceofweed.com/prices/United-States/Maryland.html
Massachusetts,2013,https://web.archive.org/web/20131127234728/http:/www.priceofweed.com/prices/United-States/Massachusetts.html
Michigan,2013,https://web.archive.org/web/20131127234728/http:/www.priceofweed.com/prices/United-States/Michigan.html
Minnesota,2013,https://web.archive.org/web/20131127234728/http:/www.priceofweed.com/prices/United-States/Minnesota.html
Mississippi,2013,https://web.archive.org/web/20131127234728/http:/www.priceofweed.com/prices/United-States/Mississippi.html
Missouri,2013,https://web.archive.org/web/20131127234728/http:/www.priceofweed.com/prices/United-States/Missouri.html
Montana,2013,https://web.archive.org/web/20131127234728/http:/www.priceofweed.com/prices/United-States/Montana.html
Nebraska,2013,https://web.archive.org/web/20131127234728/http:/www.priceofweed.com/prices/United-States/Nebraska.html
Nevada,2013,https://web.archive.org/web/20131127234728/http:/www.priceofweed.com/prices/United-States/Nevada.html
New Hampshire,2013,https://web.archive.org/web/20131127234728/http:/www.priceofweed.com/prices/United-States/New-Hampshire.html
New Jersey,2013,https://web.archive.org/web/20131127234728/http:/www.priceofweed.com/prices/United-States/New-Jersey.html
New Mexico,2013,https://web.archive.org/web/20131127234728/http:/www.priceofweed.com/prices/United-States/New-Mexico.html
New York,2013,https://web.archive.org/web/20131127234728/http:/www.priceofweed.com/prices/United-States/New-York.html
North Carolina,2013,https://web.archive.org/web/20131127234728/http:/www.priceofweed.com/prices/United-States/North-Carolina.html
North Dakota,2013,https://web.archive.org/web/20131127234728/http:/www.priceofweed.com/prices/United-States/North-Dakota.html
Ohio,2013,https://web.archive.org/web/20131127234728/http:/www.priceofweed.com/prices/United-States/Ohio.html
Oklahoma,2013,https://web.archive.org/web/20131127234728/http:/www.priceofweed.com/prices/United-States/Oklahoma.html
Oregon,2013,https://web.archive.org/web/20131127234728/http:/www.priceofweed.com/prices/United-States/Oregon.html
Pennsylvania,2013,https://web.archive.org/web/20131127234728/http:/www.priceofweed.com/prices/United-States/Pennsylvania.html
Puerto Rico,2013,https://web.archive.org/web/20131127234728/http:/www.priceofweed.com/prices/United-States/Puerto-Rico.html
Rhode Island,2013,https://web.archive.org/web/20131127234728/http:/www.priceofweed.com/prices/United-States/Rhode-Island.html
South Carolina,2013,https://web.archive.org/web/20131127234728/http:/www.priceofweed.com/prices/United-States/South-Carolina.html
South Dakota,2013,https://web.archive.org/web/20131127234728/http:/www.priceofweed.com/prices/United-States/South-Dakota.html
Tennessee,2013,https://web.archive.org/web/20131127234728/http:/www.priceofweed.com/prices/United-States/Tennessee.html
Texas,2013,https://web.archive.org/web/20131127234728/http:/www.priceofweed.com/prices/United-States/Texas.html
Utah,2013,https://web.archive.org/web/20131127234728/http:/www.priceofweed.com/prices/United-States/Utah.html
Vermont,2013,https://web.archive.org/web/20131127234728/http:/www.priceofweed.com/prices/United-States/Vermont.html
Virginia,2013,https://web.archive.org/web/20131127234728/http:/www.priceofweed.com/prices/United-States/Virginia.html
Washington,2013,https://web.archive.org/web/20131127234728/http:/www.priceofweed.com/prices/United-States/Washington.html
West Virginia,2013,https://web.archive.org/web/20131127234728/http:/www.priceofweed.com/prices/United-States/West-Virginia.html
Wisconsin,2013,https://web.archive.org/web/20131127234728/http:/www.priceofweed.com/prices/United-States/Wisconsin.html
Wyoming,2013,https://web.archive.org/web/20131127234728/http:/www.priceofweed.com/prices/United-States/Wyoming.html
Alabama,2014,https://web.archive.org/web/20141227232308/http:/www.priceofweed.com/prices/United-States/Alabama.html
Alaska,2014,https://web.archive.org/web/20141227232308/http:/www.priceofweed.com/prices/United-States/Alaska.html
Arizona,2014,https://web.archive.org/web/20141227232308/http:/www.priceofweed.com/prices/United-States/Arizona.html
Arkansas,2014,https://web.archive.org/web/20141227232308/http:/www.priceofweed.com/prices/United-States/Arkansas.html
California,2014,https://web.archive.org/web/20141227232308/http:/www.priceofweed.com/prices/United-States/California.html
Colorado,2014,https://web.archive.org/web/20141227232308/http:/www.priceofweed.com/prices/United-States/Colorado.html
Connecticut,2014,https://web.archive.org/web/20141227232308/http:/www.priceofweed.com/prices/United-States/Connecticut.html
Delaware,2014,https://web.archive.org/web/20141227232308/http:/www.priceofweed.com/prices/United-States/Delaware.html
District of Columbia,2014,https://web.archive.org/web/20141227232308/http:/www.priceofweed.com/prices/United-States/District-of-Columbia.html
Florida,2014,https://web.archive.org/web/20141227232308/http:/www.priceofweed.com/prices/United-States/Florida.html
Georgia,2014,https://web.archive.org/web/20141227232308/http:/www.priceofweed.com/prices/United-States/Georgia.html
Hawaii,2014,https://web.archive.org/web/20141227232308/http:/www.priceofweed.com/prices/United-States/Hawaii.html
Idaho,2014,https://web.archive.org/web/20141227232308/http:/www.priceofweed.com/prices/United-States/Idaho.html
Illinois,2014,https://web.archive.org/web/20141227232308/http:/www.priceofweed.com/prices/United-States/Illinois.html
Indiana,2014,https://web.archive.org/web/20141227232308/http:/www.priceofweed.com/prices/United-States/Indiana.html
Iowa,2014,https://web.archive.org/web/20141227232308/http:/www.priceofweed.com/prices/United-States/Iowa.html
Kansas,2014,https://web.archive.org/web/20141227232308/http:/www.priceofweed.com/prices/United-States/Kansas.html
Kentucky,2014,https://web.archive.org/web/20141227232308/http:/www.priceofweed.com/prices/United-States/Kentucky.html
Louisiana,2014,https://web.archive.org/web/20141227232308/http:/www.priceofweed.com/prices/United-States/Louisiana.html
Maine,2014,https://web.archive.org/web/20141227232308/http:/www.priceofweed.com/prices/United-States/Maine.html
Maryland,2014,https://web.archive.org/web/20141227232308/http:/www.priceofweed.com/prices/United-States/Maryland.html
Massachusetts,2014,https://web.archive.org/web/20141227232308/http:/www.priceofweed.com/prices/United-States/Massachusetts.html
Michigan,2014,https://web.archive.org/web/20141227232308/http:/www.priceofweed.com/prices/United-States/Michigan.html
Minnesota,2014,https://web.archive.org/web/20141227232308/http:/www.priceofweed.com/prices/United-States/Minnesota.html
Mississippi,2014,https://web.archive.org/web/20141227232308/http:/www.priceofweed.com/prices/United-States/Mississippi.html
Missouri,2014,https://web.archive.org/web/20141227232308/http:/www.priceofweed.com/prices/United-States/Missouri.html
Montana,2014,https://web.archive.org/web/20141227232308/http:/www.priceofweed.com/prices/United-States/Montana.html
Nebraska,2014,https://web.archive.org/web/20141227232308/http:/www.priceofweed.com/prices/United-States/Nebraska.html
Nevada,2014,https://web.archive.org/web/20141227232308/http:/www.priceofweed.com/prices/United-States/Nevada.html
New Hampshire,2014,https://web.archive.org/web/20141227232308/http:/www.priceofweed.com/prices/United-States/New-Hampshire.html
New Jersey,2014,https://web.archive.org/web/20141227232308/http:/www.priceofweed.com/prices/United-States/New-Jersey.html
New Mexico,2014,https://web.archive.org/web/20141227232308/http:/www.priceofweed.com/prices/United-States/New-Mexico.html
New York,2014,https://web.archive.org/web/20141227232308/http:/www.priceofweed.com/prices/United-States/New-York.html
North Carolina,2014,https://web.archive.org/web/20141227232308/http:/www.priceofweed.com/prices/United-States/North-Carolina.html
North Dakota,2014,https://web.archive.org/web/20141227232308/http:/www.priceofweed.com/prices/United-States/North-Dakota.html
Ohio,2014,https://web.archive.org/web/20141227232308/http:/www.priceofweed.com/prices/United-States/Ohio.html
Oklahoma,2014,https://web.archive.org/web/20141227232308/http:/www.priceofweed.com/prices/United-States/Oklahoma.html
Oregon,2014,https://web.archive.org/web/20141227232308/http:/www.priceofweed.com/prices/United-States/Oregon.html
Pennsylvania,2014,https://web.archive.org/web/20141227232308/http:/www.priceofweed.com/prices/United-States/Pennsylvania.html
Puerto Rico,2014,https://web.archive.org/web/20141227232308/http:/www.priceofweed.com/prices/United-States/Puerto-Rico.html
Rhode Island,2014,https://web.archive.org/web/20141227232308/http:/www.priceofweed.com/prices/United-States/Rhode-Island.html
South Carolina,2014,https://web.archive.org/web/20141227232308/http:/www.priceofweed.com/prices/United-States/South-Carolina.html
South Dakota,2014,https://web.archive.org/web/20141227232308/http:/www.priceofweed.com/prices/United-States/South-Dakota.html
Tennessee,2014,https://web.archive.org/web/20141227232308/http:/www.priceofweed.com/prices/United-States/Tennessee.html
Texas,2014,https://web.archive.org/web/20141227232308/http:/www.priceofweed.com/prices/United-States/Texas.html
Utah,2014,https://web.archive.org/web/20141227232308/http:/www.priceofweed.com/prices/United-States/Utah.html
Vermont,2014,https://web.archive.org/web/20141227232308/http:/www.priceofweed.com/prices/United-States/Vermont.html
Virginia,2014,https://web.archive.org/web/20141227232308/http:/www.priceofweed.com/prices/United-States/Virginia.html
Washington,2014,https://web.archive.org/web/20141227232308/http:/www.priceofweed.com/prices/United-States/Washington.html
West Virginia,2014,https://web.archive.org/web/20141227232308/http:/www.priceofweed.com/prices/United-States/West-Virginia.html
Wisconsin,2014,https://web.archive.org/web/20141227232308/http:/www.priceofweed.com/prices/United-States/Wisconsin.html
Wyoming,2014,https://web.archive.org/web/20141227232308/http:/www.priceofweed.com/prices/United-States/Wyoming.html
Alabama,2015,https://web.archive.org/web/20151212095829/http:/www.priceofweed.com/prices/United-States/Alabama.html
Alaska,2015,https://web.archive.org/web/20151212095829/http:/www.priceofweed.com/prices/United-States/Alaska.html
Arizona,2015,https://web.archive.org/web/20151212095829/http:/www.priceofweed.com/prices/United-States/Arizona.html
Arkansas,2015,https://web.archive.org/web/20151212095829/http:/www.priceofweed.com/prices/United-States/Arkansas.html
California,2015,https://web.archive.org/web/20151212095829/http:/www.priceofweed.com/prices/United-States/California.html
Colorado,2015,https://web.archive.org/web/20151212095829/http:/www.priceofweed.com/prices/United-States/Colorado.html
Connecticut,2015,https://web.archive.org/web/20151212095829/http:/www.priceofweed.com/prices/United-States/Connecticut.html
Delaware,2015,https://web.archive.org/web/20151212095829/http:/www.priceofweed.com/prices/United-States/Delaware.html
District of Columbia,2015,https://web.archive.org/web/20151212095829/http:/www.priceofweed.com/prices/United-States/District-of-Columbia.html
Florida,2015,https://web.archive.org/web/20151212095829/http:/www.priceofweed.com/prices/United-States/Florida.html
Georgia,2015,https://web.archive.org/web/20151212095829/http:/www.priceofweed.com/prices/United-States/Georgia.html
Hawaii,2015,https://web.archive.org/web/20151212095829/http:/www.priceofweed.com/prices/United-States/Hawaii.html
Idaho,2015,https://web.archive.org/web/20151212095829/http:/www.priceofweed.com/prices/United-States/Idaho.html
Illinois,2015,https://web.archive.org/web/20151212095829/http:/www.priceofweed.com/prices/United-States/Illinois.html
Indiana,2015,https://web.archive.org/web/20151212095829/http:/www.priceofweed.com/prices/United-States/Indiana.html
Iowa,2015,https://web.archive.org/web/20151212095829/http:/www.priceofweed.com/prices/United-States/Iowa.html
Kansas,2015,https://web.archive.org/web/20151212095829/http:/www.priceofweed.com/prices/United-States/Kansas.html
Kentucky,2015,https://web.archive.org/web/20151212095829/http:/www.priceofweed.com/prices/United-States/Kentucky.html
Louisiana,2015,https://web.archive.org/web/20151212095829/http:/www.priceofweed.com/prices/United-States/Louisiana.html
Maine,2015,https://web.archive.org/web/20151212095829/http:/www.priceofweed.com/prices/United-States/Maine.html
Maryland,2015,https://web.archive.org/web/20151212095829/http:/www.priceofweed.com/prices/United-States/Maryland.html
Massachusetts,2015,https://web.archive.org/web/20151212095829/http:/www.priceofweed.com/prices/United-States/Massachusetts.html
Michigan,2015,https://web.archive.org/web/20151212095829/http:/www.priceofweed.com/prices/United-States/Michigan.html
Minnesota,2015,https://web.archive.org/web/20151212095829/http:/www.priceofweed.com/prices/United-States/Minnesota.html
Mississippi,2015,https://web.archive.org/web/20151212095829/http:/www.priceofweed.com/prices/United-States/Mississippi.html
Missouri,2015,https://web.archive.org/web/20151212095829/http:/www.priceofweed.com/prices/United-States/Missouri.html
Montana,2015,https://web.archive.org/web/20151212095829/http:/www.priceofweed.com/prices/United-States/Montana.html
Nebraska,2015,https://web.archive.org/web/20151212095829/http:/www.priceofweed.com/prices/United-States/Nebraska.html
Nevada,2015,https://web.archive.org/web/20151212095829/http:/www.priceofweed.com/prices/United-States/Nevada.html
New Hampshire,2015,https://web.archive.org/web/20151212095829/http:/www.priceofweed.com/prices/United-States/New-Hampshire.html
New Jersey,2015,https://web.archive.org/web/20151212095829/http:/www.priceofweed.com/prices/United-States/New-Jersey.html
New Mexico,2015,https://web.archive.org/web/20151212095829/http:/www.priceofweed.com/prices/United-States/New-Mexico.html
New York,2015,https://web.archive.org/web/20151212095829/http:/www.priceofweed.com/prices/United-States/New-York.html
North Carolina,2015,https://web.archive.org/web/20151212095829/http:/www.priceofweed.com/prices/United-States/North-Carolina.html
North Dakota,2015,https://web.archive.org/web/20151212095829/http:/www.priceofweed.com/prices/United-States/North-Dakota.html
Ohio,2015,https://web.archive.org/web/20151212095829/http:/www.priceofweed.com/prices/United-States/Ohio.html
Oklahoma,2015,https://web.archive.org/web/20151212095829/http:/www.priceofweed.com/prices/United-States/Oklahoma.html
Oregon,2015,https://web.archive.org/web/20151212095829/http:/www.priceofweed.com/prices/United-States/Oregon.html
Pennsylvania,2015,https://web.archive.org/web/20151212095829/http:/www.priceofweed.com/prices/United-States/Pennsylvania.html
Puerto Rico,2015,https://web.archive.org/web/20151212095829/http:/www.priceofweed.com/prices/United-States/Puerto-Rico.html
Rhode Island,2015,https://web.archive.org/web/20151212095829/http:/www.priceofweed.com/prices/United-States/Rhode-Island.html
South Carolina,2015,https://web.archive.org/web/20151212095829/http:/www.priceofweed.com/prices/United-States/South-Carolina.html
South Dakota,2015,https://web.archive.org/web/20151212095829/http:/www.priceofweed.com/prices/United-States/South-Dakota.html
Tennessee,2015,https://web.archive.org/web/20151212095829/http:/www.priceofweed.com/prices/United-States/Tennessee.html
Texas,2015,https://web.archive.org/web/20151212095829/http:/www.priceofweed.com/prices/United-States/Texas.html
Utah,2015,https://web.archive.org/web/20151212095829/http:/www.priceofweed.com/prices/United-States/Utah.html
Vermont,2015,https://web.archive.org/web/20151212095829/http:/www.priceofweed.com/prices/United-States/Vermont.html
Virginia,2015,https://web.archive.org/web/20151212095829/http:/www.priceofweed.com/prices/United-States/Virginia.html
Washington,2015,https://web.archive.org/web/20151212095829/http:/www.priceofweed.com/prices/United-States/Washington.html
West Virginia,2015,https://web.archive.org/web/20151212095829/http:/www.priceofweed.com/prices/United-States/West-Virginia.html
Wisconsin,2015,https://web.archive.org/web/20151212095829/http:/www.priceofweed.com/prices/United-States/Wisconsin.html
Wyoming,2015,https://web.archive.org/web/20151212095829/http:/www.priceofweed.com/prices/United-States/Wyoming.html
Alabama,2016,https://web.archive.org/web/20161119091842/http:/www.priceofweed.com/prices/United-States/Alabama.html
Alaska,2016,https://web.archive.org/web/20161119091842/http:/www.priceofweed.com/prices/United-States/Alaska.html
Arizona,2016,https://web.archive.org/web/20161119091842/http:/www.priceofweed.com/prices/United-States/Arizona.html
Arkansas,2016,https://web.archive.org/web/20161119091842/http:/www.priceofweed.com/prices/United-States/Arkansas.html
California,2016,https://web.archive.org/web/20161119091842/http:/www.priceofweed.com/prices/United-States/California.html
Colorado,2016,https://web.archive.org/web/20161119091842/http:/www.priceofweed.com/prices/United-States/Colorado.html
Connecticut,2016,https://web.archive.org/web/20161119091842/http:/www.priceofweed.com/prices/United-States/Connecticut.html
Delaware,2016,https://web.archive.org/web/20161119091842/http:/www.priceofweed.com/prices/United-States/Delaware.html
District of Columbia,2016,https://web.archive.org/web/20161119091842/http:/www.priceofweed.com/prices/United-States/District-of-Columbia.html
Florida,2016,https://web.archive.org/web/20161119091842/http:/www.priceofweed.com/prices/United-States/Florida.html
Georgia,2016,https://web.archive.org/web/20161119091842/http:/www.priceofweed.com/prices/United-States/Georgia.html
Hawaii,2016,https://web.archive.org/web/20161119091842/http:/www.priceofweed.com/prices/United-States/Hawaii.html
Idaho,2016,https://web.archive.org/web/20161119091842/http:/www.priceofweed.com/prices/United-States/Idaho.html
Illinois,2016,https://web.archive.org/web/20161119091842/http:/www.priceofweed.com/prices/United-States/Illinois.html
Indiana,2016,https://web.archive.org/web/20161119091842/http:/www.priceofweed.com/prices/United-States/Indiana.html
Iowa,2016,https://web.archive.org/web/20161119091842/http:/www.priceofweed.com/prices/United-States/Iowa.html
Kansas,2016,https://web.archive.org/web/20161119091842/http:/www.priceofweed.com/prices/United-States/Kansas.html
Kentucky,2016,https://web.archive.org/web/20161119091842/http:/www.priceofweed.com/prices/United-States/Kentucky.html
Louisiana,2016,https://web.archive.org/web/20161119091842/http:/www.priceofweed.com/prices/United-States/Louisiana.html
Maine,2016,https://web.archive.org/web/20161119091842/http:/www.priceofweed.com/prices/United-States/Maine.html
Maryland,2016,https://web.archive.org/web/20161119091842/http:/www.priceofweed.com/prices/United-States/Maryland.html
Massachusetts,2016,https://web.archive.org/web/20161119091842/http:/www.priceofweed.com/prices/United-States/Massachusetts.html
Michigan,2016,https://web.archive.org/web/20161119091842/http:/www.priceofweed.com/prices/United-States/Michigan.html
Minnesota,2016,https://web.archive.org/web/20161119091842/http:/www.priceofweed.com/prices/United-States/Minnesota.html
Mississippi,2016,https://web.archive.org/web/20161119091842/http:/www.priceofweed.com/prices/United-States/Mississippi.html
Missouri,2016,https://web.archive.org/web/20161119091842/http:/www.priceofweed.com/prices/United-States/Missouri.html
Montana,2016,https://web.archive.org/web/20161119091842/http:/www.priceofweed.com/prices/United-States/Montana.html
Nebraska,2016,https://web.archive.org/web/20161119091842/http:/www.priceofweed.com/prices/United-States/Nebraska.html
Nevada,2016,https://web.archive.org/web/20161119091842/http:/www.priceofweed.com/prices/United-States/Nevada.html
New Hampshire,2016,https://web.archive.org/web/20161119091842/http:/www.priceofweed.com/prices/United-States/New-Hampshire.html
New Jersey,2016,https://web.archive.org/web/20161119091842/http:/www.priceofweed.com/prices/United-States/New-Jersey.html
New Mexico,2016,https://web.archive.org/web/20161119091842/http:/www.priceofweed.com/prices/United-States/New-Mexico.html
New York,2016,https://web.archive.org/web/20161119091842/http:/www.priceofweed.com/prices/United-States/New-York.html
North Carolina,2016,https://web.archive.org/web/20161119091842/http:/www.priceofweed.com/prices/United-States/North-Carolina.html
North Dakota,2016,https://web.archive.org/web/20161119091842/http:/www.priceofweed.com/prices/United-States/North-Dakota.html
Ohio,2016,https://web.archive.org/web/20161119091842/http:/www.priceofweed.com/prices/United-States/Ohio.html
Oklahoma,2016,https://web.archive.org/web/20161119091842/http:/www.priceofweed.com/prices/United-States/Oklahoma.html
Oregon,2016,https://web.archive.org/web/20161119091842/http:/www.priceofweed.com/prices/United-States/Oregon.html
Pennsylvania,2016,https://web.archive.org/web/20161119091842/http:/www.priceofweed.com/prices/United-States/Pennsylvania.html
Puerto Rico,2016,https://web.archive.org/web/20161119091842/http:/www.priceofweed.com/prices/United-States/Puerto-Rico.html
Rhode Island,2016,https://web.archive.org/web/20161119091842/http:/www.priceofweed.com/prices/United-States/Rhode-Island.html
South Carolina,2016,https://web.archive.org/web/20161119091842/http:/www.priceofweed.com/prices/United-States/South-Carolina.html
South Dakota,2016,https://web.archive.org/web/20161119091842/http:/www.priceofweed.com/prices/United-States/South-Dakota.html
Tennessee,2016,https://web.archive.org/web/20161119091842/http:/www.priceofweed.com/prices/United-States/Tennessee.html
Texas,2016,https://web.archive.org/web/20161119091842/http:/www.priceofweed.com/prices/United-States/Texas.html
Utah,2016,https://web.archive.org/web/20161119091842/http:/www.priceofweed.com/prices/United-States/Utah.html
Vermont,2016,https://web.archive.org/web/20161119091842/http:/www.priceofweed.com/prices/United-States/Vermont.html
Virginia,2016,https://web.archive.org/web/20161119091842/http:/www.priceofweed.com/prices/United-States/Virginia.html
Washington,2016,https://web.archive.org/web/20161119091842/http:/www.priceofweed.com/prices/United-States/Washington.html
West Virginia,2016,https://web.archive.org/web/20161119091842/http:/www.priceofweed.com/prices/United-States/West-Virginia.html
Wisconsin,2016,https://web.archive.org/web/20161119091842/http:/www.priceofweed.com/prices/United-States/Wisconsin.html
Wyoming,2016,https://web.archive.org/web/20161119091842/http:/www.priceofweed.com/prices/United-States/Wyoming.html
Alabama,2017,https://web.archive.org/web/20171204215454/http:/www.priceofweed.com/prices/United-States/Alabama.html
Alaska,2017,https://web.archive.org/web/20171204215454/http:/www.priceofweed.com/prices/United-States/Alaska.html
Arizona,2017,https://web.archive.org/web/20171204215454/http:/www.priceofweed.com/prices/United-States/Arizona.html
Arkansas,2017,https://web.archive.org/web/20171204215454/http:/www.priceofweed.com/prices/United-States/Arkansas.html
California,2017,https://web.archive.org/web/20171204215454/http:/www.priceofweed.com/prices/United-States/California.html
Colorado,2017,https://web.archive.org/web/20171204215454/http:/www.priceofweed.com/prices/United-States/Colorado.html
Connecticut,2017,https://web.archive.org/web/20171204215454/http:/www.priceofweed.com/prices/United-States/Connecticut.html
Delaware,2017,https://web.archive.org/web/20171204215454/http:/www.priceofweed.com/prices/United-States/Delaware.html
District of Columbia,2017,https://web.archive.org/web/20171204215454/http:/www.priceofweed.com/prices/United-States/District-of-Columbia.html
Florida,2017,https://web.archive.org/web/20171204215454/http:/www.priceofweed.com/prices/United-States/Florida.html
Georgia,2017,https://web.archive.org/web/20171204215454/http:/www.priceofweed.com/prices/United-States/Georgia.html
Hawaii,2017,https://web.archive.org/web/20171204215454/http:/www.priceofweed.com/prices/United-States/Hawaii.html
Idaho,2017,https://web.archive.org/web/20171204215454/http:/www.priceofweed.com/prices/United-States/Idaho.html
Illinois,2017,https://web.archive.org/web/20171204215454/http:/www.priceofweed.com/prices/United-States/Illinois.html
Indiana,2017,https://web.archive.org/web/20171204215454/http:/www.priceofweed.com/prices/United-States/Indiana.html
Iowa,2017,https://web.archive.org/web/20171204215454/http:/www.priceofweed.com/prices/United-States/Iowa.html
Kansas,2017,https://web.archive.org/web/20171204215454/http:/www.priceofweed.com/prices/United-States/Kansas.html
Kentucky,2017,https://web.archive.org/web/20171204215454/http:/www.priceofweed.com/prices/United-States/Kentucky.html
Louisiana,2017,https://web.archive.org/web/20171204215454/http:/www.priceofweed.com/prices/United-States/Louisiana.html
Maine,2017,https://web.archive.org/web/20171204215454/http:/www.priceofweed.com/prices/United-States/Maine.html
Maryland,2017,https://web.archive.org/web/20171204215454/http:/www.priceofweed.com/prices/United-States/Maryland.html
Massachusetts,2017,https://web.archive.org/web/20171204215454/http:/www.priceofweed.com/prices/United-States/Massachusetts.html
Michigan,2017,https://web.archive.org/web/20171204215454/http:/www.priceofweed.com/prices/United-States/Michigan.html
Minnesota,2017,https://web.archive.org/web/20171204215454/http:/www.priceofweed.com/prices/United-States/Minnesota.html
Mississippi,2017,https://web.archive.org/web/20171204215454/http:/www.priceofweed.com/prices/United-States/Mississippi.html
Missouri,2017,https://web.archive.org/web/20171204215454/http:/www.priceofweed.com/prices/United-States/Missouri.html
Montana,2017,https://web.archive.org/web/20171204215454/http:/www.priceofweed.com/prices/United-States/Montana.html
Nebraska,2017,https://web.archive.org/web/20171204215454/http:/www.priceofweed.com/prices/United-States/Nebraska.html
Nevada,2017,https://web.archive.org/web/20171204215454/http:/www.priceofweed.com/prices/United-States/Nevada.html
New Hampshire,2017,https://web.archive.org/web/20171204215454/http:/www.priceofweed.com/prices/United-States/New-Hampshire.html
New Jersey,2017,https://web.archive.org/web/20171204215454/http:/www.priceofweed.com/prices/United-States/New-Jersey.html
New Mexico,2017,https://web.archive.org/web/20171204215454/http:/www.priceofweed.com/prices/United-States/New-Mexico.html
New York,2017,https://web.archive.org/web/20171204215454/http:/www.priceofweed.com/prices/United-States/New-York.html
North Carolina,2017,https://web.archive.org/web/20171204215454/http:/www.priceofweed.com/prices/United-States/North-Carolina.html
North Dakota,2017,https://web.archive.org/web/20171204215454/http:/www.priceofweed.com/prices/United-States/North-Dakota.html
Ohio,2017,https://web.archive.org/web/20171204215454/http:/www.priceofweed.com/prices/United-States/Ohio.html
Oklahoma,2017,https://web.archive.org/web/20171204215454/http:/www.priceofweed.com/prices/United-States/Oklahoma.html
Oregon,2017,https://web.archive.org/web/20171204215454/http:/www.priceofweed.com/prices/United-States/Oregon.html
Pennsylvania,2017,https://web.archive.org/web/20171204215454/http:/www.priceofweed.com/prices/United-States/Pennsylvania.html
Puerto Rico,2017,https://web.archive.org/web/20171204215454/http:/www.priceofweed.com/prices/United-States/Puerto-Rico.html
Rhode Island,2017,https://web.archive.org/web/20171204215454/http:/www.priceofweed.com/prices/United-States/Rhode-Island.html
South Carolina,2017,https://web.archive.org/web/20171204215454/http:/www.priceofweed.com/prices/United-States/South-Carolina.html
South Dakota,2017,https://web.archive.org/web/20171204215454/http:/www.priceofweed.com/prices/United-States/South-Dakota.html
Tennessee,2017,https://web.archive.org/web/20171204215454/http:/www.priceofweed.com/prices/United-States/Tennessee.html
Texas,2017,https://web.archive.org/web/20171204215454/http:/www.priceofweed.com/prices/United-States/Texas.html
Utah,2017,https://web.archive.org/web/20171204215454/http:/www.priceofweed.com/prices/United-States/Utah.html
Vermont,2017,https://web.archive.org/web/20171204215454/http:/www.priceofweed.com/prices/United-States/Vermont.html
Virginia,2017,https://web.archive.org/web/20171204215454/http:/www.priceofweed.com/prices/United-States/Virginia.html
Washington,2017,https://web.archive.org/web/20171204215454/http:/www.priceofweed.com/prices/United-States/Washington.html
West Virginia,2017,https://web.archive.org/web/20171204215454/http:/www.priceofweed.com/prices/United-States/West-Virginia.html
Wisconsin,2017,https://web.archive.org/web/20171204215454/http:/www.priceofweed.com/prices/United-States/Wisconsin.html
Wyoming,2017,https://web.archive.org/web/20171204215454/http:/www.priceofweed.com/prices/United-States/Wyoming.html
Alabama,2018,https://web.archive.org/web/20181207192519/http:/www.priceofweed.com/prices/United-States/Alabama.html
Alaska,2018,https://web.archive.org/web/20181207192519/http:/www.priceofweed.com/prices/United-States/Alaska.html
Arizona,2018,https://web.archive.org/web/20181207192519/http:/www.priceofweed.com/prices/United-States/Arizona.html
Arkansas,2018,https://web.archive.org/web/20181207192519/http:/www.priceofweed.com/prices/United-States/Arkansas.html
California,2018,https://web.archive.org/web/20181207192519/http:/www.priceofweed.com/prices/United-States/California.html
Colorado,2018,https://web.archive.org/web/20181207192519/http:/www.priceofweed.com/prices/United-States/Colorado.html
Connecticut,2018,https://web.archive.org/web/20181207192519/http:/www.priceofweed.com/prices/United-States/Connecticut.html
Delaware,2018,https://web.archive.org/web/20181207192519/http:/www.priceofweed.com/prices/United-States/Delaware.html
District of Columbia,2018,https://web.archive.org/web/20181207192519/http:/www.priceofweed.com/prices/United-States/District-of-Columbia.html
Florida,2018,https://web.archive.org/web/20181207192519/http:/www.priceofweed.com/prices/United-States/Florida.html
Georgia,2018,https://web.archive.org/web/20181207192519/http:/www.priceofweed.com/prices/United-States/Georgia.html
Hawaii,2018,https://web.archive.org/web/20181207192519/http:/www.priceofweed.com/prices/United-States/Hawaii.html
Idaho,2018,https://web.archive.org/web/20181207192519/http:/www.priceofweed.com/prices/United-States/Idaho.html
Illinois,2018,https://web.archive.org/web/20181207192519/http:/www.priceofweed.com/prices/United-States/Illinois.html
Indiana,2018,https://web.archive.org/web/20181207192519/http:/www.priceofweed.com/prices/United-States/Indiana.html
Iowa,2018,https://web.archive.org/web/20181207192519/http:/www.priceofweed.com/prices/United-States/Iowa.html
Kansas,2018,https://web.archive.org/web/20181207192519/http:/www.priceofweed.com/prices/United-States/Kansas.html
Kentucky,2018,https://web.archive.org/web/20181207192519/http:/www.priceofweed.com/prices/United-States/Kentucky.html
Louisiana,2018,https://web.archive.org/web/20181207192519/http:/www.priceofweed.com/prices/United-States/Louisiana.html
Maine,2018,https://web.archive.org/web/20181207192519/http:/www.priceofweed.com/prices/United-States/Maine.html
Maryland,2018,https://web.archive.org/web/20181207192519/http:/www.priceofweed.com/prices/United-States/Maryland.html
Massachusetts,2018,https://web.archive.org/web/20181207192519/http:/www.priceofweed.com/prices/United-States/Massachusetts.html
Michigan,2018,https://web.archive.org/web/20181207192519/http:/www.priceofweed.com/prices/United-States/Michigan.html
Minnesota,2018,https://web.archive.org/web/20181207192519/http:/www.priceofweed.com/prices/United-States/Minnesota.html
Mississippi,2018,https://web.archive.org/web/20181207192519/http:/www.priceofweed.com/prices/United-States/Mississippi.html
Missouri,2018,https://web.archive.org/web/20181207192519/http:/www.priceofweed.com/prices/United-States/Missouri.html
Montana,2018,https://web.archive.org/web/20181207192519/http:/www.priceofweed.com/prices/United-States/Montana.html
Nebraska,2018,https://web.archive.org/web/20181207192519/http:/www.priceofweed.com/prices/United-States/Nebraska.html
Nevada,2018,https://web.archive.org/web/20181207192519/http:/www.priceofweed.com/prices/United-States/Nevada.html
New Hampshire,2018,https://web.archive.org/web/20181207192519/http:/www.priceofweed.com/prices/United-States/New-Hampshire.html
New Jersey,2018,https://web.archive.org/web/20181207192519/http:/www.priceofweed.com/prices/United-States/New-Jersey.html
New Mexico,2018,https://web.archive.org/web/20181207192519/http:/www.priceofweed.com/prices/United-States/New-Mexico.html
New York,2018,https://web.archive.org/web/20181207192519/http:/www.priceofweed.com/prices/United-States/New-York.html
North Carolina,2018,https://web.archive.org/web/20181207192519/http:/www.priceofweed.com/prices/United-States/North-Carolina.html
North Dakota,2018,https://web.archive.org/web/20181207192519/http:/www.priceofweed.com/prices/United-States/North-Dakota.html
Ohio,2018,https://web.archive.org/web/20181207192519/http:/www.priceofweed.com/prices/United-States/Ohio.html
Oklahoma,2018,https://web.archive.org/web/20181207192519/http:/www.priceofweed.com/prices/United-States/Oklahoma.html
Oregon,2018,https://web.archive.org/web/20181207192519/http:/www.priceofweed.com/prices/United-States/Oregon.html
Pennsylvania,2018,https://web.archive.org/web/20181207192519/http:/www.priceofweed.com/prices/United-States/Pennsylvania.html
Puerto Rico,2018,https://web.archive.org/web/20181207192519/http:/www.priceofweed.com/prices/United-States/Puerto-Rico.html
Rhode Island,2018,https://web.archive.org/web/20181207192519/http:/www.priceofweed.com/prices/United-States/Rhode-Island.html
South Carolina,2018,https://web.archive.org/web/20181207192519/http:/www.priceofweed.com/prices/United-States/South-Carolina.html
South Dakota,2018,https://web.archive.org/web/20181207192519/http:/www.priceofweed.com/prices/United-States/South-Dakota.html
Tennessee,2018,https://web.archive.org/web/20181207192519/http:/www.priceofweed.com/prices/United-States/Tennessee.html
Texas,2018,https://web.archive.org/web/20181207192519/http:/www.priceofweed.com/prices/United-States/Texas.html
Utah,2018,https://web.archive.org/web/20181207192519/http:/www.priceofweed.com/prices/United-States/Utah.html
Vermont,2018,https://web.archive.org/web/20181207192519/http:/www.priceofweed.com/prices/United-States/Vermont.html
Virginia,2018,https://web.archive.org/web/20181207192519/http:/www.priceofweed.com/prices/United-States/Virginia.html
Washington,2018,https://web.archive.org/web/20181207192519/http:/www.priceofweed.com/prices/United-States/Washington.html
West Virginia,2018,https://web.archive.org/web/20181207192519/http:/www.priceofweed.com/prices/United-States/West-Virginia.html
Wisconsin,2018,https://web.archive.org/web/20181207192519/http:/www.priceofweed.com/prices/United-States/Wisconsin.html
Wyoming,2018,https://web.archive.org/web/20181207192519/http:/www.priceofweed.com/prices/United-States/Wyoming.html
Alabama,2019,https://web.archive.org/web/20191207161549/http:/www.priceofweed.com/prices/United-States/Alabama.html
Alaska,2019,https://web.archive.org/web/20191207161549/http:/www.priceofweed.com/prices/United-States/Alaska.html
Arizona,2019,https://web.archive.org/web/20191207161549/http:/www.priceofweed.com/prices/United-States/Arizona.html
Arkansas,2019,https://web.archive.org/web/20191207161549/http:/www.priceofweed.com/prices/United-States/Arkansas.html
California,2019,https://web.archive.org/web/20191207161549/http:/www.priceofweed.com/prices/United-States/California.html
Colorado,2019,https://web.archive.org/web/20191207161549/http:/www.priceofweed.com/prices/United-States/Colorado.html
Connecticut,2019,https://web.archive.org/web/20191207161549/http:/www.priceofweed.com/prices/United-States/Connecticut.html
Delaware,2019,https://web.archive.org/web/20191207161549/http:/www.priceofweed.com/prices/United-States/Delaware.html
District of Columbia,2019,https://web.archive.org/web/20191207161549/http:/www.priceofweed.com/prices/United-States/District-of-Columbia.html
Florida,2019,https://web.archive.org/web/20191207161549/http:/www.priceofweed.com/prices/United-States/Florida.html
Georgia,2019,https://web.archive.org/web/20191207161549/http:/www.priceofweed.com/prices/United-States/Georgia.html
Hawaii,2019,https://web.archive.org/web/20191207161549/http:/www.priceofweed.com/prices/United-States/Hawaii.html
Idaho,2019,https://web.archive.org/web/20191207161549/http:/www.priceofweed.com/prices/United-States/Idaho.html
Illinois,2019,https://web.archive.org/web/20191207161549/http:/www.priceofweed.com/prices/United-States/Illinois.html
Indiana,2019,https://web.archive.org/web/20191207161549/http:/www.priceofweed.com/prices/United-States/Indiana.html
Iowa,2019,https://web.archive.org/web/20191207161549/http:/www.priceofweed.com/prices/United-States/Iowa.html
Kansas,2019,https://web.archive.org/web/20191207161549/http:/www.priceofweed.com/prices/United-States/Kansas.html
Kentucky,2019,https://web.archive.org/web/20191207161549/http:/www.priceofweed.com/prices/United-States/Kentucky.html
Louisiana,2019,https://web.archive.org/web/20191207161549/http:/www.priceofweed.com/prices/United-States/Louisiana.html
Maine,2019,https://web.archive.org/web/20191207161549/http:/www.priceofweed.com/prices/United-States/Maine.html
Maryland,2019,https://web.archive.org/web/20191207161549/http:/www.priceofweed.com/prices/United-States/Maryland.html
Massachusetts,2019,https://web.archive.org/web/20191207161549/http:/www.priceofweed.com/prices/United-States/Massachusetts.html
Michigan,2019,https://web.archive.org/web/20191207161549/http:/www.priceofweed.com/prices/United-States/Michigan.html
Minnesota,2019,https://web.archive.org/web/20191207161549/http:/www.priceofweed.com/prices/United-States/Minnesota.html
Mississippi,2019,https://web.archive.org/web/20191207161549/http:/www.priceofweed.com/prices/United-States/Mississippi.html
Missouri,2019,https://web.archive.org/web/20191207161549/http:/www.priceofweed.com/prices/United-States/Missouri.html
Montana,2019,https://web.archive.org/web/20191207161549/http:/www.priceofweed.com/prices/United-States/Montana.html
Nebraska,2019,https://web.archive.org/web/20191207161549/http:/www.priceofweed.com/prices/United-States/Nebraska.html
Nevada,2019,https://web.archive.org/web/20191207161549/http:/www.priceofweed.com/prices/United-States/Nevada.html
New Hampshire,2019,https://web.archive.org/web/20191207161549/http:/www.priceofweed.com/prices/United-States/New-Hampshire.html
New Jersey,2019,https://web.archive.org/web/20191207161549/http:/www.priceofweed.com/prices/United-States/New-Jersey.html
New Mexico,2019,https://web.archive.org/web/20191207161549/http:/www.priceofweed.com/prices/United-States/New-Mexico.html
New York,2019,https://web.archive.org/web/20191207161549/http:/www.priceofweed.com/prices/United-States/New-York.html
North Carolina,2019,https://web.archive.org/web/20191207161549/http:/www.priceofweed.com/prices/United-States/North-Carolina.html
North Dakota,2019,https://web.archive.org/web/20191207161549/http:/www.priceofweed.com/prices/United-States/North-Dakota.html
Ohio,2019,https://web.archive.org/web/20191207161549/http:/www.priceofweed.com/prices/United-States/Ohio.html
Oklahoma,2019,https://web.archive.org/web/20191207161549/http:/www.priceofweed.com/prices/United-States/Oklahoma.html
Oregon,2019,https://web.archive.org/web/20191207161549/http:/www.priceofweed.com/prices/United-States/Oregon.html
Pennsylvania,2019,https://web.archive.org/web/20191207161549/http:/www.priceofweed.com/prices/United-States/Pennsylvania.html
Puerto Rico,2019,https://web.archive.org/web/20191207161549/http:/www.priceofweed.com/prices/United-States/Puerto-Rico.html
Rhode Island,2019,https://web.archive.org/web/20191207161549/http:/www.priceofweed.com/prices/United-States/Rhode-Island.html
South Carolina,2019,https://web.archive.org/web/20191207161549/http:/www.priceofweed.com/prices/United-States/South-Carolina.html
South Dakota,2019,https://web.archive.org/web/20191207161549/http:/www.priceofweed.com/prices/United-States/South-Dakota.html
Tennessee,2019,https://web.archive.org/web/20191207161549/http:/www.priceofweed.com/prices/United-States/Tennessee.html
Texas,2019,https://web.archive.org/web/20191207161549/http:/www.priceofweed.com/prices/United-States/Texas.html
Utah,2019,https://web.archive.org/web/20191207161549/http:/www.priceofweed.com/prices/United-States/Utah.html
Vermont,2019,https://web.archive.org/web/20191207161549/http:/www.priceofweed.com/prices/United-States/Vermont.html
Virginia,2019,https://web.archive.org/web/20191207161549/http:/www.priceofweed.com/prices/United-States/Virginia.html
Washington,2019,https://web.archive.org/web/20191207161549/http:/www.priceofweed.com/prices/United-States/Washington.html
West Virginia,2019,https://web.archive.org/web/20191207161549/http:/www.priceofweed.com/prices/United-States/West-Virginia.html
Wisconsin,2019,https://web.archive.org/web/20191207161549/http:/www.priceofweed.com/prices/United-States/Wisconsin.html
Wyoming,2019,https://web.archive.org/web/20191207161549/http:/www.priceofweed.com/prices/United-States/Wyoming.html
Alabama,2020,https://web.archive.org/web/20201112020234/http:/www.priceofweed.com/prices/United-States/Alabama.html
Alaska,2020,https://web.archive.org/web/20201112020234/http:/www.priceofweed.com/prices/United-States/Alaska.html
Arizona,2020,https://web.archive.org/web/20201112020234/http:/www.priceofweed.com/prices/United-States/Arizona.html
Arkansas,2020,https://web.archive.org/web/20201112020234/http:/www.priceofweed.com/prices/United-States/Arkansas.html
California,2020,https://web.archive.org/web/20201112020234/http:/www.priceofweed.com/prices/United-States/California.html
Colorado,2020,https://web.archive.org/web/20201112020234/http:/www.priceofweed.com/prices/United-States/Colorado.html
Connecticut,2020,https://web.archive.org/web/20201112020234/http:/www.priceofweed.com/prices/United-States/Connecticut.html
Delaware,2020,https://web.archive.org/web/20201112020234/http:/www.priceofweed.com/prices/United-States/Delaware.html
District of Columbia,2020,https://web.archive.org/web/20201112020234/http:/www.priceofweed.com/prices/United-States/District-of-Columbia.html
Florida,2020,https://web.archive.org/web/20201112020234/http:/www.priceofweed.com/prices/United-States/Florida.html
Georgia,2020,https://web.archive.org/web/20201112020234/http:/www.priceofweed.com/prices/United-States/Georgia.html
Hawaii,2020,https://web.archive.org/web/20201112020234/http:/www.priceofweed.com/prices/United-States/Hawaii.html
Idaho,2020,https://web.archive.org/web/20201112020234/http:/www.priceofweed.com/prices/United-States/Idaho.html
Illinois,2020,https://web.archive.org/web/20201112020234/http:/www.priceofweed.com/prices/United-States/Illinois.html
Indiana,2020,https://web.archive.org/web/20201112020234/http:/www.priceofweed.com/prices/United-States/Indiana.html
Iowa,2020,https://web.archive.org/web/20201112020234/http:/www.priceofweed.com/prices/United-States/Iowa.html
Kansas,2020,https://web.archive.org/web/20201112020234/http:/www.priceofweed.com/prices/United-States/Kansas.html
Kentucky,2020,https://web.archive.org/web/20201112020234/http:/www.priceofweed.com/prices/United-States/Kentucky.html
Louisiana,2020,https://web.archive.org/web/20201112020234/http:/www.priceofweed.com/prices/United-States/Louisiana.html
Maine,2020,https://web.archive.org/web/20201112020234/http:/www.priceofweed.com/prices/United-States/Maine.html
Maryland,2020,https://web.archive.org/web/20201112020234/http:/www.priceofweed.com/prices/United-States/Maryland.html
Massachusetts,2020,https://web.archive.org/web/20201112020234/http:/www.priceofweed.com/prices/United-States/Massachusetts.html
Michigan,2020,https://web.archive.org/web/20201112020234/http:/www.priceofweed.com/prices/United-States/Michigan.html
Minnesota,2020,https://web.archive.org/web/20201112020234/http:/www.priceofweed.com/prices/United-States/Minnesota.html
Mississippi,2020,https://web.archive.org/web/20201112020234/http:/www.priceofweed.com/prices/United-States/Mississippi.html
Missouri,2020,https://web.archive.org/web/20201112020234/http:/www.priceofweed.com/prices/United-States/Missouri.html
Montana,2020,https://web.archive.org/web/20201112020234/http:/www.priceofweed.com/prices/United-States/Montana.html
Nebraska,2020,https://web.archive.org/web/20201112020234/http:/www.priceofweed.com/prices/United-States/Nebraska.html
Nevada,2020,https://web.archive.org/web/20201112020234/http:/www.priceofweed.com/prices/United-States/Nevada.html
New Hampshire,2020,https://web.archive.org/web/20201112020234/http:/www.priceofweed.com/prices/United-States/New-Hampshire.html
New Jersey,2020,https://web.archive.org/web/20201112020234/http:/www.priceofweed.com/prices/United-States/New-Jersey.html
New Mexico,2020,https://web.archive.org/web/20201112020234/http:/www.priceofweed.com/prices/United-States/New-Mexico.html
New York,2020,https://web.archive.org/web/20201112020234/http:/www.priceofweed.com/prices/United-States/New-York.html
North Carolina,2020,https://web.archive.org/web/20201112020234/http:/www.priceofweed.com/prices/United-States/North-Carolina.html
North Dakota,2020,https://web.archive.org/web/20201112020234/http:/www.priceofweed.com/prices/United-States/North-Dakota.html
Ohio,2020,https://web.archive.org/web/20201112020234/http:/www.priceofweed.com/prices/United-States/Ohio.html
Oklahoma,2020,https://web.archive.org/web/20201112020234/http:/www.priceofweed.com/prices/United-States/Oklahoma.html
Oregon,2020,https://web.archive.org/web/20201112020234/http:/www.priceofweed.com/prices/United-States/Oregon.html
Pennsylvania,2020,https://web.archive.org/web/20201112020234/http:/www.priceofweed.com/prices/United-States/Pennsylvania.html
Puerto Rico,2020,https://web.archive.org/web/20201112020234/http:/www.priceofweed.com/prices/United-States/Puerto-Rico.html
Rhode Island,2020,https://web.archive.org/web/20201112020234/http:/www.priceofweed.com/prices/United-States/Rhode-Island.html
South Carolina,2020,https://web.archive.org/web/20201112020234/http:/www.priceofweed.com/prices/United-States/South-Carolina.html
South Dakota,2020,https://web.archive.org/web/20201112020234/http:/www.priceofweed.com/prices/United-States/South-Dakota.html
Tennessee,2020,https://web.archive.org/web/20201112020234/http:/www.priceofweed.com/prices/United-States/Tennessee.html
Texas,2020,https://web.archive.org/web/20201112020234/http:/www.priceofweed.com/prices/United-States/Texas.html
Utah,2020,https://web.archive.org/web/20201112020234/http:/www.priceofweed.com/prices/United-States/Utah.html
Vermont,2020,https://web.archive.org/web/20201112020234/http:/www.priceofweed.com/prices/United-States/Vermont.html
Virginia,2020,https://web.archive.org/web/20201112020234/http:/www.priceofweed.com/prices/United-States/Virginia.html
Washington,2020,https://web.archive.org/web/20201112020234/http:/www.priceofweed.com/prices/United-States/Washington.html
West Virginia,2020,https://web.archive.org/web/20201112020234/http:/www.priceofweed.com/prices/United-States/West-Virginia.html
Wisconsin,2020,https://web.archive.org/web/20201112020234/http:/www.priceofweed.com/prices/United-States/Wisconsin.html
Wyoming,2020,https://web.archive.org/web/20201112020234/http:/www.priceofweed.com/prices/United-States/Wyoming.html